CAPA,CIV,TRAMO,INFRAESTRUCTURA,COSTADO,UBICACION,ABS_INICIO,ABS_FINAL,CALZADA
120101,CUN12-SEC1,SECTOR 1,BERM IZQ,,RUTA CUN 12 SILVANIA - TIBACUY SECTOR 1,0,500,UNICA
120102,CUN12-SEC1,SECTOR 1,CALZADA,,RUTA CUN 12 SILVANIA - TIBACUY SECTOR 1,0,500,UNICA
120103,CUN12-SEC1,SECTOR 1,BERM DER,,RUTA CUN 12 SILVANIA - TIBACUY SECTOR 1,0,500,UNICA
120104,CUN12-SEC1,SECTOR 1,BERM IZQ,,RUTA CUN 12 SILVANIA - TIBACUY SECTOR 1,500,1000,UNICA
120105,CUN12-SEC1,SECTOR 1,CALZADA,,RUTA CUN 12 SILVANIA - TIBACUY SECTOR 1,500,1000,UNICA
120106,CUN12-SEC1,SECTOR 1,BERM DER,,RUTA CUN 12 SILVANIA - TIBACUY SECTOR 1,500,1000,UNICA
120107,CUN12-SEC1,SECTOR 1,BERM IZQ,,RUTA CUN 12 SILVANIA - TIBACUY SECTOR 1,1000,1500,UNICA
120108,CUN12-SEC1,SECTOR 1,CALZADA,,RUTA CUN 12 SILVANIA - TIBACUY SECTOR 1,1000,1500,UNICA
120109,CUN12-SEC1,SECTOR 1,BERM DER,,RUTA CUN 12 SILVANIA - TIBACUY SECTOR 1,1000,1500,UNICA
120110,CUN12-SEC1,SECTOR 1,BERM IZQ,,RUTA CUN 12 SILVANIA - TIBACUY SECTOR 1,1500,1820,UNICA
120111,CUN12-SEC1,SECTOR 1,CALZADA,,RUTA CUN 12 SILVANIA - TIBACUY SECTOR 1,1500,1820,UNICA
120112,CUN12-SEC1,SECTOR 1,BERM DER,,RUTA CUN 12 SILVANIA - TIBACUY SECTOR 1,1500,1820,UNICA
120113,CUN12-SEC1,SECTOR 1,BERM IZQ,,RUTA CUN 12 SILVANIA - TIBACUY SECTOR 1,1820,1865,UNICA
120114,CUN12-SEC1,SECTOR 1,CALZADA,,RUTA CUN 12 SILVANIA - TIBACUY SECTOR 1,1820,1865,UNICA
120115,CUN12-SEC1,SECTOR 1,BERM DER,,RUTA CUN 12 SILVANIA - TIBACUY SECTOR 1,1820,1865,UNICA
120116,CUN12-SEC1,SECTOR 1,BERM IZQ,,RUTA CUN 12 SILVANIA - TIBACUY SECTOR 1,1865,2000,UNICA
120117,CUN12-SEC1,SECTOR 1,CALZADA,,RUTA CUN 12 SILVANIA - TIBACUY SECTOR 1,1865,2000,UNICA
120118,CUN12-SEC1,SECTOR 1,BERM DER,,RUTA CUN 12 SILVANIA - TIBACUY SECTOR 1,1865,2000,UNICA
120119,CUN12-SEC1,SECTOR 1,BERM IZQ,,RUTA CUN 12 SILVANIA - TIBACUY SECTOR 1,2000,2210,UNICA
120120,CUN12-SEC1,SECTOR 1,CALZADA,,RUTA CUN 12 SILVANIA - TIBACUY SECTOR 1,2000,2210,UNICA
120121,CUN12-SEC1,SECTOR 1,BERM DER,,RUTA CUN 12 SILVANIA - TIBACUY SECTOR 1,2000,2210,UNICA
120122,CUN12-SEC1,SECTOR 1,BERM IZQ,,RUTA CUN 12 SILVANIA - TIBACUY SECTOR 1,2210,2400,UNICA
120123,CUN12-SEC1,SECTOR 1,CALZADA,,RUTA CUN 12 SILVANIA - TIBACUY SECTOR 1,2210,2400,UNICA
120124,CUN12-SEC1,SECTOR 1,BERM DER,,RUTA CUN 12 SILVANIA - TIBACUY SECTOR 1,2210,2400,UNICA
120125,CUN12-SEC1,SECTOR 1,BERM IZQ,,RUTA CUN 12 SILVANIA - TIBACUY SECTOR 1,2400,2500,UNICA
120126,CUN12-SEC1,SECTOR 1,CALZADA,,RUTA CUN 12 SILVANIA - TIBACUY SECTOR 1,2400,2500,UNICA
120127,CUN12-SEC1,SECTOR 1,BERM DER,,RUTA CUN 12 SILVANIA - TIBACUY SECTOR 1,2400,2500,UNICA
120128,CUN12-SEC1,SECTOR 1,BERM IZQ,,RUTA CUN 12 SILVANIA - TIBACUY SECTOR 1,2500,3000,UNICA
120129,CUN12-SEC1,SECTOR 1,CALZADA,,RUTA CUN 12 SILVANIA - TIBACUY SECTOR 1,2500,3000,UNICA
120130,CUN12-SEC1,SECTOR 1,BERM DER,,RUTA CUN 12 SILVANIA - TIBACUY SECTOR 1,2500,3000,UNICA
120131,CUN12-SEC1,SECTOR 1,BERM IZQ,,RUTA CUN 12 SILVANIA - TIBACUY SECTOR 1,3000,3449.14,UNICA
120132,CUN12-SEC1,SECTOR 1,CALZADA,,RUTA CUN 12 SILVANIA - TIBACUY SECTOR 1,3000,3449.14,UNICA
120133,CUN12-SEC1,SECTOR 1,BERM DER,,RUTA CUN 12 SILVANIA - TIBACUY SECTOR 1,3000,3449.14,UNICA
120234,CUN12-SEC2,SECTOR 2,BERM IZQ,,RUTA CUN 12 SILVANIA - TIBACUY SECTOR 1,3917,4000,UNICA
120235,CUN12-SEC2,SECTOR 2,CALZADA,,RUTA CUN 12 SILVANIA - TIBACUY SECTOR 1,3917,4000,UNICA
120236,CUN12-SEC2,SECTOR 2,BERM DER,,RUTA CUN 12 SILVANIA - TIBACUY SECTOR 1,3917,4000,UNICA
120237,CUN12-SEC2,SECTOR 2,BERM IZQ,,RUTA CUN 12 SILVANIA - TIBACUY SECTOR 1,4000,4150,UNICA
120238,CUN12-SEC2,SECTOR 2,CALZADA,,RUTA CUN 12 SILVANIA - TIBACUY SECTOR 1,4000,4150,UNICA
120239,CUN12-SEC2,SECTOR 2,BERM DER,,RUTA CUN 12 SILVANIA - TIBACUY SECTOR 1,4000,4150,UNICA
120240,CUN12-SEC2,SECTOR 2,BERM IZQ,,RUTA CUN 12 SILVANIA - TIBACUY SECTOR 1,4150,4500,UNICA
120241,CUN12-SEC2,SECTOR 2,CALZADA,,RUTA CUN 12 SILVANIA - TIBACUY SECTOR 1,4150,4500,UNICA
120242,CUN12-SEC2,SECTOR 2,BERM DER,,RUTA CUN 12 SILVANIA - TIBACUY SECTOR 1,4150,4500,UNICA
120243,CUN12-SEC2,SECTOR 2,BERM IZQ,,RUTA CUN 12 SILVANIA - TIBACUY SECTOR 1,4500,4760,UNICA
120244,CUN12-SEC2,SECTOR 2,CALZADA,,RUTA CUN 12 SILVANIA - TIBACUY SECTOR 1,4500,4760,UNICA
120245,CUN12-SEC2,SECTOR 2,BERM DER,,RUTA CUN 12 SILVANIA - TIBACUY SECTOR 1,4500,4760,UNICA
120346,CUN12-SEC3,SECTOR 3,BERM IZQ,,RUTA CUN 12 SILVANIA - TIBACUY SECTOR 1,7665,7830,UNICA
120347,CUN12-SEC3,SECTOR 3,CALZADA,,RUTA CUN 12 SILVANIA - TIBACUY SECTOR 1,7665,7830,UNICA
120348,CUN12-SEC3,SECTOR 3,BERM DER,,RUTA CUN 12 SILVANIA - TIBACUY SECTOR 1,7665,7830,UNICA
120349,CUN12-SEC3,SECTOR 3,BERM IZQ,,RUTA CUN 12 SILVANIA - TIBACUY SECTOR 1,7830,8280,UNICA
120350,CUN12-SEC3,SECTOR 3,CALZADA,,RUTA CUN 12 SILVANIA - TIBACUY SECTOR 1,7830,8280,UNICA
120351,CUN12-SEC3,SECTOR 3,BERM DER,,RUTA CUN 12 SILVANIA - TIBACUY SECTOR 1,7830,8280,UNICA
120352,CUN12-SEC3,SECTOR 3,BERM IZQ,,RUTA CUN 12 SILVANIA - TIBACUY SECTOR 1,8280,8500,UNICA
120353,CUN12-SEC3,SECTOR 3,CALZADA,,RUTA CUN 12 SILVANIA - TIBACUY SECTOR 1,8280,8500,UNICA
120354,CUN12-SEC3,SECTOR 3,BERM DER,,RUTA CUN 12 SILVANIA - TIBACUY SECTOR 1,8280,8500,UNICA
120355,CUN12-SEC3,SECTOR 3,BERM IZQ,,RUTA CUN 12 SILVANIA - TIBACUY SECTOR 1,8500,9000,UNICA
120356,CUN12-SEC3,SECTOR 3,CALZADA,,RUTA CUN 12 SILVANIA - TIBACUY SECTOR 1,8500,9000,UNICA
120357,CUN12-SEC3,SECTOR 3,BERM DER,,RUTA CUN 12 SILVANIA - TIBACUY SECTOR 1,8500,9000,UNICA
120358,CUN12-SEC3,SECTOR 3,BERM IZQ,,RUTA CUN 12 SILVANIA - TIBACUY SECTOR 1,9000,9130,UNICA
120359,CUN12-SEC3,SECTOR 3,CALZADA,,RUTA CUN 12 SILVANIA - TIBACUY SECTOR 1,9000,9130,UNICA
120360,CUN12-SEC3,SECTOR 3,BERM DER,,RUTA CUN 12 SILVANIA - TIBACUY SECTOR 1,9000,9130,UNICA
120361,CUN12-SEC3,SECTOR 3,BERM IZQ,,RUTA CUN 12 SILVANIA - TIBACUY SECTOR 1,9130,9500,UNICA
120362,CUN12-SEC3,SECTOR 3,CALZADA,,RUTA CUN 12 SILVANIA - TIBACUY SECTOR 1,9130,9500,UNICA
120363,CUN12-SEC3,SECTOR 3,BERM DER,,RUTA CUN 12 SILVANIA - TIBACUY SECTOR 1,9130,9500,UNICA
120364,CUN12-SEC3,SECTOR 3,BERM IZQ,,RUTA CUN 12 SILVANIA - TIBACUY SECTOR 1,9500,9970,UNICA
120365,CUN12-SEC3,SECTOR 3,CALZADA,,RUTA CUN 12 SILVANIA - TIBACUY SECTOR 1,9500,9970,UNICA
120366,CUN12-SEC3,SECTOR 3,BERM DER,,RUTA CUN 12 SILVANIA - TIBACUY SECTOR 1,9500,9970,UNICA
120367,CUN12-SEC3,SECTOR 3,BERM IZQ,,RUTA CUN 12 SILVANIA - TIBACUY SECTOR 1,9970,10000,UNICA
120368,CUN12-SEC3,SECTOR 3,CALZADA,,RUTA CUN 12 SILVANIA - TIBACUY SECTOR 1,9970,10000,UNICA
120369,CUN12-SEC3,SECTOR 3,BERM DER,,RUTA CUN 12 SILVANIA - TIBACUY SECTOR 1,9970,10000,UNICA
120370,CUN12-SEC3,SECTOR 3,BERM IZQ,,RUTA CUN 12 SILVANIA - TIBACUY SECTOR 1,10000,10500,UNICA
120371,CUN12-SEC3,SECTOR 3,CALZADA,,RUTA CUN 12 SILVANIA - TIBACUY SECTOR 1,10000,10500,UNICA
120372,CUN12-SEC3,SECTOR 3,BERM DER,,RUTA CUN 12 SILVANIA - TIBACUY SECTOR 1,10000,10500,UNICA
120373,CUN12-SEC3,SECTOR 3,BERM IZQ,,RUTA CUN 12 SILVANIA - TIBACUY SECTOR 1,10500,11000,UNICA
120374,CUN12-SEC3,SECTOR 3,CALZADA,,RUTA CUN 12 SILVANIA - TIBACUY SECTOR 1,10500,11000,UNICA
120375,CUN12-SEC3,SECTOR 3,BERM DER,,RUTA CUN 12 SILVANIA - TIBACUY SECTOR 1,10500,11000,UNICA
120376,CUN12-SEC3,SECTOR 3,BERM IZQ,,RUTA CUN 12 SILVANIA - TIBACUY SECTOR 1,11000,11370,UNICA
120377,CUN12-SEC3,SECTOR 3,CALZADA,,RUTA CUN 12 SILVANIA - TIBACUY SECTOR 1,11000,11370,UNICA
120378,CUN12-SEC3,SECTOR 3,BERM DER,,RUTA CUN 12 SILVANIA - TIBACUY SECTOR 1,11000,11370,UNICA
120379,CUN12-SEC3,SECTOR 3,BERM IZQ,,RUTA CUN 12 SILVANIA - TIBACUY SECTOR 1,11370,11500,UNICA
120380,CUN12-SEC3,SECTOR 3,CALZADA,,RUTA CUN 12 SILVANIA - TIBACUY SECTOR 1,11370,11500,UNICA
120381,CUN12-SEC3,SECTOR 3,BERM DER,,RUTA CUN 12 SILVANIA - TIBACUY SECTOR 1,11370,11500,UNICA
120382,CUN12-SEC3,SECTOR 3,BERM IZQ,,RUTA CUN 12 SILVANIA - TIBACUY SECTOR 1,11500,12000,UNICA
120383,CUN12-SEC3,SECTOR 3,CALZADA,,RUTA CUN 12 SILVANIA - TIBACUY SECTOR 1,11500,12000,UNICA
120384,CUN12-SEC3,SECTOR 3,BERM DER,,RUTA CUN 12 SILVANIA - TIBACUY SECTOR 1,11500,12000,UNICA
120385,CUN12-SEC3,SECTOR 3,BERM IZQ,,RUTA CUN 12 SILVANIA - TIBACUY SECTOR 1,12000,12500,UNICA
120386,CUN12-SEC3,SECTOR 3,CALZADA,,RUTA CUN 12 SILVANIA - TIBACUY SECTOR 1,12000,12500,UNICA
120387,CUN12-SEC3,SECTOR 3,BERM DER,,RUTA CUN 12 SILVANIA - TIBACUY SECTOR 1,12000,12500,UNICA
120388,CUN12-SEC3,SECTOR 3,BERM IZQ,,RUTA CUN 12 SILVANIA - TIBACUY SECTOR 1,12500,13000,UNICA
120389,CUN12-SEC3,SECTOR 3,CALZADA,,RUTA CUN 12 SILVANIA - TIBACUY SECTOR 1,12500,13000,UNICA
120390,CUN12-SEC3,SECTOR 3,BERM DER,,RUTA CUN 12 SILVANIA - TIBACUY SECTOR 1,12500,13000,UNICA
120391,CUN12-SEC3,SECTOR 3,BERM IZQ,,RUTA CUN 12 SILVANIA - TIBACUY SECTOR 1,13000,13500,UNICA
120392,CUN12-SEC3,SECTOR 3,CALZADA,,RUTA CUN 12 SILVANIA - TIBACUY SECTOR 1,13000,13500,UNICA
120393,CUN12-SEC3,SECTOR 3,BERM DER,,RUTA CUN 12 SILVANIA - TIBACUY SECTOR 1,13000,13500,UNICA
120394,CUN12-SEC3,SECTOR 3,BERM IZQ,,RUTA CUN 12 SILVANIA - TIBACUY SECTOR 1,13500,14000,UNICA
120395,CUN12-SEC3,SECTOR 3,CALZADA,,RUTA CUN 12 SILVANIA - TIBACUY SECTOR 1,13500,14000,UNICA
120396,CUN12-SEC3,SECTOR 3,BERM DER,,RUTA CUN 12 SILVANIA - TIBACUY SECTOR 1,13500,14000,UNICA
120397,CUN12-SEC3,SECTOR 3,BERM IZQ,,RUTA CUN 12 SILVANIA - TIBACUY SECTOR 1,14000,14500,UNICA
120398,CUN12-SEC3,SECTOR 3,CALZADA,,RUTA CUN 12 SILVANIA - TIBACUY SECTOR 1,14000,14500,UNICA
120399,CUN12-SEC3,SECTOR 3,BERM DER,,RUTA CUN 12 SILVANIA - TIBACUY SECTOR 1,14000,14500,UNICA
120400,CUN12-SEC3,SECTOR 3,BERM IZQ,,RUTA CUN 12 SILVANIA - TIBACUY SECTOR 1,14500,15000,UNICA
120401,CUN12-SEC3,SECTOR 3,CALZADA,,RUTA CUN 12 SILVANIA - TIBACUY SECTOR 1,14500,15000,UNICA
120402,CUN12-SEC3,SECTOR 3,BERM DER,,RUTA CUN 12 SILVANIA - TIBACUY SECTOR 1,14500,15000,UNICA
120403,CUN12-SEC3,SECTOR 3,BERM IZQ,,RUTA CUN 12 SILVANIA - TIBACUY SECTOR 1,15000,15500,UNICA
120404,CUN12-SEC3,SECTOR 3,CALZADA,,RUTA CUN 12 SILVANIA - TIBACUY SECTOR 1,15000,15500,UNICA
120405,CUN12-SEC3,SECTOR 3,BERM DER,,RUTA CUN 12 SILVANIA - TIBACUY SECTOR 1,15000,15500,UNICA
